{"cameraMode":{"drawMode":0,"name":"Shaded","section":"Shading Mode"},"sceneLighting":false,"audioPlay":false,"sceneViewState":{"showFog":true,"showMaterialUpdate":true,"showSkybox":false,"showFlares":true,"showImageEffects":true,"showParticleSystems":true},"in2DMode":false,"pivot":{"x":-0.07036566734313965,"y":7.3712921142578129,"z":-0.30755770206451418},"rotation":{"x":-0.1864219605922699,"y":-0.12198811769485474,"z":0.023332536220550538,"w":-0.9745877981185913},"size":24.617801666259767,"orthographic":false}