{"cameraMode":{"drawMode":0,"name":"Shaded","section":"Shading Mode"},"sceneLighting":false,"audioPlay":false,"sceneViewState":{"showFog":true,"showMaterialUpdate":true,"showSkybox":false,"showFlares":true,"showImageEffects":true,"showParticleSystems":true},"in2DMode":false,"pivot":{"x":0.0000035762786865234377,"y":3.0564448833465578,"z":0.032685279846191409},"rotation":{"x":-0.08973227441310883,"y":-0.05675960332155228,"z":0.005121278110891581,"w":-0.9943341016769409},"size":15.522768020629883,"orthographic":false}