{"cameraMode":{"drawMode":0,"name":"Shaded","section":"Shading Mode"},"sceneLighting":true,"audioPlay":false,"sceneViewState":{"showFog":true,"showMaterialUpdate":true,"showSkybox":true,"showFlares":true,"showImageEffects":true,"showParticleSystems":true},"in2DMode":false,"pivot":{"x":1.0889509916305543,"y":0.6306639313697815,"z":-2.012759208679199},"rotation":{"x":0.17310388386249543,"y":0.014772951602935791,"z":-0.002596752718091011,"w":0.9847893714904785},"size":12.801468849182129,"orthographic":false}