{"cameraMode":{"drawMode":0,"name":"Shaded","section":"Shading Mode"},"sceneLighting":false,"audioPlay":false,"sceneViewState":{"showFog":true,"showMaterialUpdate":true,"showSkybox":false,"showFlares":true,"showImageEffects":true,"showParticleSystems":true},"in2DMode":false,"pivot":{"x":8.940696716308594e-7,"y":0.714836597442627,"z":0.0},"rotation":{"x":-0.05709458887577057,"y":-0.4205934703350067,"z":0.026531564071774484,"w":-0.9050621390342712},"size":3.843855619430542,"orthographic":false}